local_ts_ms,recv_iso_utc,msg_ts_ms,event_type,bid_price,bid_qty,ask_price,ask_qty,change,trade_price,trade_size,trade_side,trade_tx_hash
1772368991363,2026-03-01T12:43:11.363+00:00,1772368991332,book,0.6,138.51,0.61,444.96,,,,,
1772368991369,2026-03-01T12:43:11.369+00:00,1772368991331,price_change,0.6,138.51,0.61,444.96,,,,,
1772368991369,2026-03-01T12:43:11.369+00:00,1772368991332,price_change,0.6,138.51,0.61,444.96,,,,,
1772368991392,2026-03-01T12:43:11.392+00:00,1772368991357,price_change,0.6,138.51,0.61,444.96,,,,,
1772368991413,2026-03-01T12:43:11.413+00:00,1772368991375,price_change,0.6,238.51,0.61,444.96,,,,,
1772368991441,2026-03-01T12:43:11.441+00:00,1772368991413,best_bid_ask,0.6,238.51,0.61,444.96,no_change,,,,
1772368991442,2026-03-01T12:43:11.442+00:00,1772368991412,price_change,0.6,233.51,0.61,444.96,,,,,
1772368991443,2026-03-01T12:43:11.443+00:00,1772368991412,book,0.6,233.51,0.61,444.96,,,,,
1772368991443,2026-03-01T12:43:11.443+00:00,1772368991414,price_change,0.6,233.51,0.61,444.96,,,,,
1772368991443,2026-03-01T12:43:11.443+00:00,1772368991414,price_change,0.6,233.51,0.61,444.96,,,,,
1772368991443,2026-03-01T12:43:11.443+00:00,1772368991415,price_change,0.6,233.51,0.61,444.96,,,,,
1772368991444,2026-03-01T12:43:11.444+00:00,1772368991415,price_change,0.6,233.51,0.61,444.96,,,,,
1772368991451,2026-03-01T12:43:11.451+00:00,1772368991427,price_change,0.6,233.51,0.61,444.96,,,,,
1772368991453,2026-03-01T12:43:11.453+00:00,1772368991431,price_change,0.6,216.18,0.61,444.96,,,,,
1772368991453,2026-03-01T12:43:11.453+00:00,1772368991433,price_change,0.6,216.18,0.61,444.96,,,,,
1772368991457,2026-03-01T12:43:11.457+00:00,1772368991446,price_change,0.6,216.18,0.61,444.96,,,,,
1772368991458,2026-03-01T12:43:11.458+00:00,1772368991448,price_change,0.6,238.83,0.61,444.96,,,,,
1772368991463,2026-03-01T12:43:11.463+00:00,1772368991452,price_change,0.6,238.83,0.61,444.96,,,,,
1772368991463,2026-03-01T12:43:11.463+00:00,1772368991453,price_change,0.6,238.83,0.61,444.96,,,,,
1772368991463,2026-03-01T12:43:11.463+00:00,1772368991453,price_change,0.6,238.83,0.61,464.96,,,,,
1772368991467,2026-03-01T12:43:11.467+00:00,1772368991456,price_change,0.6,238.83,0.61,464.96,,,,,
1772368991467,2026-03-01T12:43:11.467+00:00,1772368991457,price_change,0.6,238.83,0.61,464.96,,,,,
1772368991480,2026-03-01T12:43:11.480+00:00,1772368991469,price_change,0.6,244.73,0.61,464.96,,,,,
1772368991518,2026-03-01T12:43:11.518+00:00,1772368991492,price_change,0.6,244.73,0.61,464.96,,,,,
1772368991527,2026-03-01T12:43:11.527+00:00,1772368991507,price_change,0.6,244.73,0.61,464.96,,,,,
1772368991527,2026-03-01T12:43:11.527+00:00,1772368991510,price_change,0.6,244.73,0.61,484.96,,,,,
1772368991707,2026-03-01T12:43:11.707+00:00,1772368991697,best_bid_ask,0.6,244.73,0.61,484.96,no_change,,,,
1772368991708,2026-03-01T12:43:11.708+00:00,1772368991695,price_change,0.6,244.73,0.61,484.95,,,,,
1772368991708,2026-03-01T12:43:11.708+00:00,1772368991695,book,0.6,244.73,0.61,484.95,,,,,
1772368991741,2026-03-01T12:43:11.741+00:00,1772368991730,price_change,0.6,244.73,0.61,484.95,,,,,
1772368991759,2026-03-01T12:43:11.759+00:00,1772368991748,price_change,0.6,244.73,0.61,484.95,,,,,
1772368991769,2026-03-01T12:43:11.769+00:00,1772368991758,price_change,0.6,244.73,0.61,484.95,,,,,
1772368991770,2026-03-01T12:43:11.770+00:00,1772368991759,price_change,0.6,244.73,0.61,484.95,,,,,
1772368991781,2026-03-01T12:43:11.781+00:00,1772368991769,price_change,0.6,244.73,0.61,491.25,,,,,
1772368991802,2026-03-01T12:43:11.802+00:00,1772368991792,price_change,0.6,244.73,0.61,491.25,,,,,
1772368992128,2026-03-01T12:43:12.128+00:00,1772368992116,price_change,0.6,244.73,0.61,491.25,,,,,
1772368992221,2026-03-01T12:43:12.221+00:00,1772368992210,price_change,0.6,244.73,0.61,491.25,,,,,
1772368992221,2026-03-01T12:43:12.221+00:00,1772368992211,price_change,0.6,209.0,0.61,491.25,,,,,
1772368992221,2026-03-01T12:43:12.221+00:00,1772368992211,price_change,0.6,209.0,0.61,491.25,,,,,
1772368992222,2026-03-01T12:43:12.222+00:00,1772368992212,price_change,0.6,209.0,0.61,491.25,,,,,
1772368992252,2026-03-01T12:43:12.252+00:00,1772368992241,price_change,0.6,209.0,0.61,484.95,,,,,
1772368992290,2026-03-01T12:43:12.290+00:00,1772368992279,price_change,0.6,209.0,0.61,484.95,,,,,
1772368992367,2026-03-01T12:43:12.367+00:00,1772368992358,best_bid_ask,0.6,209.0,0.61,484.95,no_change,,,,
1772368992368,2026-03-01T12:43:12.368+00:00,1772368992356,price_change,0.6,209.0,0.61,483.31,,,,,
1772368992369,2026-03-01T12:43:12.369+00:00,1772368992356,book,0.6,209.0,0.61,483.31,,,,,
1772368992382,2026-03-01T12:43:12.382+00:00,1772368992370,price_change,0.6,209.0,0.61,483.31,,,,,
1772368992382,2026-03-01T12:43:12.382+00:00,1772368992371,price_change,0.6,209.0,0.61,483.31,,,,,
1772368992405,2026-03-01T12:43:12.405+00:00,1772368992394,last_trade_price,0.6,209.0,0.61,483.31,,0.61,1.639343,BUY,0xb0578f67fb5b4d57411cb7166632776188b265a383c98fff01c4e1a4223ac21f
1772368992411,2026-03-01T12:43:12.411+00:00,1772368992401,price_change,0.6,209.0,0.61,483.31,,,,,
1772368992413,2026-03-01T12:43:12.413+00:00,1772368992402,price_change,0.6,209.0,0.61,483.31,,,,,
1772368992471,2026-03-01T12:43:12.471+00:00,1772368992459,price_change,0.6,209.0,0.61,483.31,,,,,
1772368992496,2026-03-01T12:43:12.496+00:00,1772368992485,price_change,0.6,224.6,0.61,483.31,,,,,
1772368992498,2026-03-01T12:43:12.498+00:00,1772368992485,price_change,0.6,201.95,0.61,483.31,,,,,
1772368992498,2026-03-01T12:43:12.498+00:00,1772368992486,price_change,0.6,201.95,0.61,483.31,,,,,
1772368992498,2026-03-01T12:43:12.498+00:00,1772368992488,price_change,0.6,201.95,0.61,483.31,,,,,
1772368992510,2026-03-01T12:43:12.510+00:00,1772368992489,price_change,0.6,201.95,0.61,483.31,,,,,
1772368992510,2026-03-01T12:43:12.510+00:00,1772368992490,price_change,0.6,201.95,0.61,483.31,,,,,
1772368992510,2026-03-01T12:43:12.510+00:00,1772368992491,price_change,0.6,184.0,0.61,483.31,,,,,
1772368992510,2026-03-01T12:43:12.510+00:00,1772368992492,price_change,0.6,184.0,0.61,483.31,,,,,
1772368992510,2026-03-01T12:43:12.510+00:00,1772368992494,price_change,0.6,199.61,0.61,483.31,,,,,
1772368992731,2026-03-01T12:43:12.731+00:00,1772368992720,price_change,0.6,199.61,0.61,483.31,,,,,
1772368992736,2026-03-01T12:43:12.736+00:00,1772368992726,price_change,0.6,157.11,0.61,483.31,,,,,
1772368992737,2026-03-01T12:43:12.737+00:00,1772368992726,price_change,0.6,137.11,0.61,483.31,,,,,
1772368992739,2026-03-01T12:43:12.739+00:00,1772368992728,price_change,0.6,137.11,0.61,503.31,,,,,
1772368992740,2026-03-01T12:43:12.740+00:00,1772368992729,price_change,0.6,137.11,0.61,503.31,,,,,
1772368992740,2026-03-01T12:43:12.740+00:00,1772368992729,price_change,0.6,137.11,0.61,503.31,,,,,
1772368992741,2026-03-01T12:43:12.741+00:00,1772368992731,price_change,0.6,137.11,0.61,548.31,,,,,
1772368992742,2026-03-01T12:43:12.742+00:00,1772368992732,price_change,0.6,137.11,0.61,548.31,,,,,
1772368992745,2026-03-01T12:43:12.745+00:00,1772368992733,price_change,0.6,137.11,0.61,548.31,,,,,
1772368992745,2026-03-01T12:43:12.745+00:00,1772368992735,price_change,0.6,137.11,0.61,548.31,,,,,
1772368992746,2026-03-01T12:43:12.746+00:00,1772368992735,price_change,0.6,137.11,0.61,548.31,,,,,
1772368992746,2026-03-01T12:43:12.746+00:00,1772368992736,price_change,0.6,137.11,0.61,548.31,,,,,
1772368992747,2026-03-01T12:43:12.747+00:00,1772368992736,price_change,0.6,137.11,0.61,528.31,,,,,
1772368992748,2026-03-01T12:43:12.748+00:00,1772368992737,price_change,0.6,137.11,0.61,528.31,,,,,
1772368992748,2026-03-01T12:43:12.748+00:00,1772368992737,price_change,0.6,137.11,0.61,528.31,,,,,
1772368992748,2026-03-01T12:43:12.748+00:00,1772368992738,price_change,0.6,137.11,0.61,528.31,,,,,
1772368992749,2026-03-01T12:43:12.749+00:00,1772368992738,price_change,0.6,137.11,0.61,528.31,,,,,
1772368992750,2026-03-01T12:43:12.750+00:00,1772368992740,price_change,0.6,137.11,0.61,528.31,,,,,
1772368992751,2026-03-01T12:43:12.751+00:00,1772368992740,price_change,0.6,137.11,0.61,618.31,,,,,
1772368992753,2026-03-01T12:43:12.753+00:00,1772368992743,price_change,0.6,137.11,0.61,598.31,,,,,
1772368992755,2026-03-01T12:43:12.755+00:00,1772368992745,price_change,0.6,137.11,0.61,598.31,,,,,
1772368992761,2026-03-01T12:43:12.761+00:00,1772368992751,price_change,0.6,137.11,0.61,598.31,,,,,
1772368992762,2026-03-01T12:43:12.762+00:00,1772368992752,price_change,0.6,137.11,0.61,598.31,,,,,
1772368992780,2026-03-01T12:43:12.780+00:00,1772368992753,price_change,0.6,137.11,0.61,598.31,,,,,
1772368992780,2026-03-01T12:43:12.780+00:00,1772368992756,price_change,0.6,137.11,0.61,578.31,,,,,
1772368992780,2026-03-01T12:43:12.780+00:00,1772368992756,price_change,0.6,137.11,0.61,578.31,,,,,
1772368992780,2026-03-01T12:43:12.780+00:00,1772368992757,price_change,0.6,121.5,0.61,578.31,,,,,
1772368992780,2026-03-01T12:43:12.780+00:00,1772368992757,price_change,0.6,121.5,0.61,578.31,,,,,
1772368992781,2026-03-01T12:43:12.781+00:00,1772368992758,price_change,0.6,121.5,0.61,578.31,,,,,
1772368992781,2026-03-01T12:43:12.781+00:00,1772368992758,price_change,0.6,121.5,0.61,578.31,,,,,
1772368992781,2026-03-01T12:43:12.781+00:00,1772368992759,price_change,0.6,121.5,0.61,578.31,,,,,
1772368992781,2026-03-01T12:43:12.781+00:00,1772368992761,price_change,0.6,121.5,0.61,578.31,,,,,
1772368992781,2026-03-01T12:43:12.781+00:00,1772368992762,price_change,0.6,121.5,0.61,578.31,,,,,
1772368992781,2026-03-01T12:43:12.781+00:00,1772368992763,price_change,0.6,121.5,0.61,578.31,,,,,
1772368992781,2026-03-01T12:43:12.781+00:00,1772368992764,price_change,0.6,137.11,0.61,578.31,,,,,
1772368992783,2026-03-01T12:43:12.783+00:00,1772368992766,price_change,0.6,137.11,0.61,578.31,,,,,
1772368992783,2026-03-01T12:43:12.783+00:00,1772368992769,price_change,0.6,137.11,0.61,578.31,,,,,
1772368992805,2026-03-01T12:43:12.805+00:00,1772368992772,price_change,0.6,137.11,0.61,578.31,,,,,
1772368992805,2026-03-01T12:43:12.805+00:00,1772368992773,price_change,0.6,137.11,0.61,578.31,,,,,
1772368992805,2026-03-01T12:43:12.805+00:00,1772368992775,price_change,0.6,137.11,0.61,578.31,,,,,
1772368992805,2026-03-01T12:43:12.805+00:00,1772368992776,price_change,0.6,137.11,0.61,578.31,,,,,
1772368992805,2026-03-01T12:43:12.805+00:00,1772368992777,price_change,0.6,137.11,0.61,600.31,,,,,
1772368992805,2026-03-01T12:43:12.805+00:00,1772368992778,price_change,0.6,137.11,0.61,600.31,,,,,
1772368992805,2026-03-01T12:43:12.805+00:00,1772368992778,price_change,0.6,137.11,0.61,600.31,,,,,
1772368992805,2026-03-01T12:43:12.805+00:00,1772368992781,price_change,0.6,137.11,0.61,600.31,,,,,
1772368992805,2026-03-01T12:43:12.805+00:00,1772368992782,price_change,0.6,137.11,0.61,600.31,,,,,
1772368992805,2026-03-01T12:43:12.805+00:00,1772368992784,price_change,0.6,137.11,0.61,600.31,,,,,
1772368992806,2026-03-01T12:43:12.806+00:00,1772368992784,price_change,0.6,137.11,0.61,600.31,,,,,
1772368992806,2026-03-01T12:43:12.806+00:00,1772368992787,price_change,0.6,121.51,0.61,600.31,,,,,
1772368992813,2026-03-01T12:43:12.813+00:00,1772368992790,price_change,0.6,121.51,0.61,600.31,,,,,
1772368992813,2026-03-01T12:43:12.813+00:00,1772368992791,price_change,0.6,121.51,0.61,600.31,,,,,
1772368992813,2026-03-01T12:43:12.813+00:00,1772368992792,price_change,0.6,121.51,0.61,600.31,,,,,
1772368992813,2026-03-01T12:43:12.813+00:00,1772368992797,price_change,0.6,121.51,0.61,600.31,,,,,
1772368992813,2026-03-01T12:43:12.813+00:00,1772368992798,price_change,0.6,121.51,0.61,721.31,,,,,
1772368992813,2026-03-01T12:43:12.813+00:00,1772368992799,price_change,0.6,121.51,0.61,727.61,,,,,
1772368992814,2026-03-01T12:43:12.814+00:00,1772368992800,price_change,0.6,121.51,0.61,727.61,,,,,
1772368992814,2026-03-01T12:43:12.814+00:00,1772368992800,price_change,0.6,121.51,0.61,727.61,,,,,
1772368992816,2026-03-01T12:43:12.816+00:00,1772368992801,price_change,0.6,121.51,0.61,727.61,,,,,
1772368992816,2026-03-01T12:43:12.816+00:00,1772368992802,price_change,0.6,121.51,0.61,727.61,,,,,
1772368992816,2026-03-01T12:43:12.816+00:00,1772368992803,price_change,0.6,121.51,0.61,727.61,,,,,
1772368992817,2026-03-01T12:43:12.817+00:00,1772368992803,price_change,0.6,121.51,0.61,763.35,,,,,
1772368992818,2026-03-01T12:43:12.818+00:00,1772368992808,price_change,0.6,121.51,0.61,763.35,,,,,
1772368992818,2026-03-01T12:43:12.818+00:00,1772368992808,price_change,0.6,121.51,0.61,763.35,,,,,
1772368992823,2026-03-01T12:43:12.823+00:00,1772368992813,price_change,0.6,121.51,0.61,763.35,,,,,
1772368992840,2026-03-01T12:43:12.840+00:00,1772368992815,price_change,0.6,121.51,0.61,763.35,,,,,
1772368992840,2026-03-01T12:43:12.840+00:00,1772368992819,price_change,0.6,121.51,0.61,763.35,,,,,
1772368992840,2026-03-01T12:43:12.840+00:00,1772368992820,price_change,0.6,121.51,0.61,763.35,,,,,
1772368992840,2026-03-01T12:43:12.840+00:00,1772368992822,price_change,0.6,121.51,0.61,768.35,,,,,
1772368992840,2026-03-01T12:43:12.840+00:00,1772368992824,price_change,0.6,121.51,0.61,768.35,,,,,
1772368992850,2026-03-01T12:43:12.850+00:00,1772368992840,price_change,0.6,115.61,0.61,768.35,,,,,
1772368992851,2026-03-01T12:43:12.851+00:00,1772368992841,price_change,0.6,115.61,0.61,768.35,,,,,
1772368992862,2026-03-01T12:43:12.862+00:00,1772368992847,price_change,0.6,100.0,0.61,768.35,,,,,
1772368992862,2026-03-01T12:43:12.862+00:00,1772368992848,price_change,0.6,100.0,0.61,773.35,,,,,
1772368992888,2026-03-01T12:43:12.888+00:00,1772368992877,price_change,0.6,100.0,0.61,807.22,,,,,
1772368992897,2026-03-01T12:43:12.897+00:00,1772368992887,price_change,0.6,100.0,0.61,807.22,,,,,
1772368992900,2026-03-01T12:43:12.900+00:00,1772368992889,price_change,0.6,100.0,0.61,807.22,,,,,
1772368992901,2026-03-01T12:43:12.901+00:00,1772368992890,price_change,0.6,100.0,0.61,807.22,,,,,
1772368992929,2026-03-01T12:43:12.929+00:00,1772368992918,price_change,0.6,100.0,0.61,807.22,,,,,
1772368992930,2026-03-01T12:43:12.930+00:00,1772368992919,price_change,0.6,100.0,0.61,807.22,,,,,
1772368992942,2026-03-01T12:43:12.942+00:00,1772368992933,best_bid_ask,0.6,100.0,0.61,807.22,no_change,,,,
1772368992943,2026-03-01T12:43:12.943+00:00,1772368992932,price_change,0.6,100.0,0.61,804.41,,,,,
1772368992943,2026-03-01T12:43:12.943+00:00,1772368992932,book,0.6,100.0,0.61,804.41,,,,,
1772368992945,2026-03-01T12:43:12.945+00:00,1772368992933,price_change,0.6,100.0,0.61,804.41,,,,,
1772368992952,2026-03-01T12:43:12.952+00:00,1772368992942,price_change,0.6,100.0,0.61,804.41,,,,,
1772368992954,2026-03-01T12:43:12.954+00:00,1772368992944,price_change,0.6,100.0,0.61,804.41,,,,,
1772368992964,2026-03-01T12:43:12.964+00:00,1772368992953,best_bid_ask,0.6,100.0,0.61,804.41,no_change,,,,
1772368992964,2026-03-01T12:43:12.964+00:00,1772368992953,price_change,0.6,100.0,0.61,802.41,,,,,
1772368992964,2026-03-01T12:43:12.964+00:00,1772368992953,book,0.6,100.0,0.61,802.41,,,,,
1772368992983,2026-03-01T12:43:12.983+00:00,1772368992967,best_bid_ask,0.6,100.0,0.61,802.41,no_change,,,,
1772368992983,2026-03-01T12:43:12.983+00:00,1772368992966,price_change,0.6,100.0,0.61,798.6,,,,,
1772368992984,2026-03-01T12:43:12.984+00:00,1772368992966,book,0.6,100.0,0.61,798.6,,,,,
1772368992991,2026-03-01T12:43:12.991+00:00,1772368992981,best_bid_ask,0.59,5.0,0.61,798.6,bid_change,,,,
1772368992991,2026-03-01T12:43:12.991+00:00,1772368992981,price_change,0.59,5.0,0.61,798.6,,,,,
1772368992992,2026-03-01T12:43:12.992+00:00,1772368992980,last_trade_price,0.59,5.0,0.61,798.6,,0.61,2.803277,BUY,0x5b25cb2dbcddbcafd99e55a176a86860a9b558153c6846b345138dbfe5cd6014
1772368992993,2026-03-01T12:43:12.993+00:00,1772368992982,last_trade_price,0.59,5.0,0.61,798.6,,0.61,2.0,BUY,0x273a2e139d5cc0f5f78a915fc5cfeba32022062819f381b5bf77ad1bca86b081
1772368992999,2026-03-01T12:43:12.999+00:00,1772368992989,best_bid_ask,0.59,5.0,0.61,798.6,no_change,,,,
1772368993000,2026-03-01T12:43:13.000+00:00,1772368992988,price_change,0.59,5.0,0.61,796.22,,,,,
1772368993001,2026-03-01T12:43:13.001+00:00,1772368992988,book,0.59,5.0,0.61,796.22,,,,,
1772368993014,2026-03-01T12:43:13.014+00:00,1772368993001,price_change,0.59,5.0,0.6,20.0,,,,,
1772368993014,2026-03-01T12:43:13.014+00:00,1772368993002,best_bid_ask,0.59,5.0,0.6,20.0,ask_change,,,,
1772368993015,2026-03-01T12:43:13.015+00:00,1772368993004,price_change,0.59,5.0,0.6,110.0,,,,,
1772368993016,2026-03-01T12:43:13.016+00:00,1772368993005,price_change,0.59,5.0,0.6,130.0,,,,,
1772368993017,2026-03-01T12:43:13.017+00:00,1772368993006,price_change,0.59,5.0,0.6,130.0,,,,,
1772368993017,2026-03-01T12:43:13.017+00:00,1772368993007,price_change,0.59,5.0,0.6,130.0,,,,,
1772368993018,2026-03-01T12:43:13.018+00:00,1772368993008,price_change,0.59,5.0,0.6,130.0,,,,,
1772368993018,2026-03-01T12:43:13.018+00:00,1772368993008,price_change,0.59,5.0,0.6,165.72,,,,,
1772368993021,2026-03-01T12:43:13.021+00:00,1772368993010,price_change,0.59,5.0,0.6,187.72,,,,,
1772368993022,2026-03-01T12:43:13.022+00:00,1772368993011,price_change,0.59,5.0,0.6,227.72,,,,,
1772368993022,2026-03-01T12:43:13.022+00:00,1772368993011,price_change,0.59,5.0,0.6,227.72,,,,,
1772368993023,2026-03-01T12:43:13.023+00:00,1772368993012,price_change,0.59,5.0,0.6,227.72,,,,,
1772368993023,2026-03-01T12:43:13.023+00:00,1772368993013,price_change,0.59,5.0,0.6,247.72,,,,,
1772368993023,2026-03-01T12:43:13.023+00:00,1772368993014,price_change,0.59,5.0,0.6,292.72,,,,,
1772368993031,2026-03-01T12:43:13.031+00:00,1772368993021,best_bid_ask,0.59,5.0,0.6,292.72,no_change,,,,
1772368993032,2026-03-01T12:43:13.032+00:00,1772368993020,price_change,0.59,5.0,0.6,289.07,,,,,
1772368993032,2026-03-01T12:43:13.032+00:00,1772368993020,book,0.59,5.0,0.6,289.07,,,,,
1772368993034,2026-03-01T12:43:13.034+00:00,1772368993021,price_change,0.59,5.0,0.6,309.07,,,,,
1772368993034,2026-03-01T12:43:13.034+00:00,1772368993022,price_change,0.59,5.0,0.6,329.07,,,,,
1772368993034,2026-03-01T12:43:13.034+00:00,1772368993021,last_trade_price,0.59,5.0,0.6,329.07,,0.61,2.377048,BUY,0xc23f5899dce4d22e910d6cef7221df7b64ea6a99ebb2b6e80a5268153812a012
1772368993034,2026-03-01T12:43:13.034+00:00,1772368993023,price_change,0.59,5.0,0.6,334.07,,,,,
1772368993047,2026-03-01T12:43:13.047+00:00,1772368993036,price_change,0.59,5.0,0.6,339.07,,,,,
1772368993049,2026-03-01T12:43:13.049+00:00,1772368993038,last_trade_price,0.59,5.0,0.6,339.07,,0.61,3.803277,BUY,0x225988d3c6daa73175d3292f4000ded8100af8f73db88eb86c45c44909ae248a
1772368993049,2026-03-01T12:43:13.049+00:00,1772368993039,price_change,0.59,5.0,0.6,339.07,,,,,
1772368993058,2026-03-01T12:43:13.058+00:00,1772368993047,price_change,0.59,5.0,0.6,359.07,,,,,
1772368993065,2026-03-01T12:43:13.065+00:00,1772368993054,last_trade_price,0.59,5.0,0.6,359.07,,0.6,3.65,BUY,0x85e87d6e12f0add6af824133bcc81cb4f22e90e032d526fb70ec3e8eb323da55
1772368993071,2026-03-01T12:43:13.071+00:00,1772368993061,price_change,0.59,5.0,0.6,480.07,,,,,
1772368993090,2026-03-01T12:43:13.090+00:00,1772368993080,price_change,0.59,5.0,0.6,480.07,,,,,
1772368993109,2026-03-01T12:43:13.109+00:00,1772368993099,price_change,0.59,5.0,0.6,480.07,,,,,
1772368993128,2026-03-01T12:43:13.128+00:00,1772368993106,price_change,0.59,5.0,0.6,480.07,,,,,
1772368993128,2026-03-01T12:43:13.128+00:00,1772368993108,price_change,0.59,5.0,0.6,500.07,,,,,
1772368993128,2026-03-01T12:43:13.128+00:00,1772368993115,price_change,0.59,5.0,0.6,500.07,,,,,
1772368993143,2026-03-01T12:43:13.143+00:00,1772368993130,price_change,0.59,5.0,0.6,464.35,,,,,
1772368993146,2026-03-01T12:43:13.146+00:00,1772368993135,price_change,0.59,5.0,0.6,537.05,,,,,
1772368993146,2026-03-01T12:43:13.146+00:00,1772368993136,price_change,0.59,5.0,0.6,537.05,,,,,
1772368993180,2026-03-01T12:43:13.180+00:00,1772368993169,price_change,0.59,5.0,0.6,537.05,,,,,
1772368993278,2026-03-01T12:43:13.278+00:00,1772368993262,price_change,0.59,5.0,0.6,450.7,,,,,
1772368993280,2026-03-01T12:43:13.280+00:00,1772368993268,price_change,0.59,5.0,0.6,450.7,,,,,
1772368993281,2026-03-01T12:43:13.281+00:00,1772368993269,price_change,0.59,5.0,0.6,450.7,,,,,
1772368993287,2026-03-01T12:43:13.287+00:00,1772368993271,price_change,0.59,5.0,0.6,378.0,,,,,
1772368993347,2026-03-01T12:43:13.347+00:00,1772368993331,best_bid_ask,0.59,5.0,0.6,378.0,no_change,,,,
1772368993347,2026-03-01T12:43:13.347+00:00,1772368993329,price_change,0.59,5.0,0.6,368.0,,,,,
1772368993347,2026-03-01T12:43:13.347+00:00,1772368993329,book,0.59,5.0,0.6,368.0,,,,,
1772368993352,2026-03-01T12:43:13.352+00:00,1772368993337,best_bid_ask,0.59,5.0,0.6,368.0,no_change,,,,
1772368993352,2026-03-01T12:43:13.352+00:00,1772368993335,price_change,0.59,5.0,0.6,357.82,,,,,
1772368993352,2026-03-01T12:43:13.352+00:00,1772368993335,book,0.59,5.0,0.6,357.82,,,,,
1772368993352,2026-03-01T12:43:13.352+00:00,1772368993337,price_change,0.59,5.0,0.6,364.12,,,,,
1772368993373,2026-03-01T12:43:13.373+00:00,1772368993361,last_trade_price,0.59,5.0,0.6,364.12,,0.6,10.0,BUY,0xbca8b8df24d299b08909ac1dfa490e3c637f1d4e8615c3df6cc101ff3ce16551
1772368993540,2026-03-01T12:43:13.540+00:00,1772368993527,best_bid_ask,0.58,592.0,0.6,364.12,bid_change,,,,
1772368993540,2026-03-01T12:43:13.540+00:00,1772368993526,price_change,0.58,592.0,0.6,364.12,,,,,
1772368993540,2026-03-01T12:43:13.540+00:00,1772368993528,price_change,0.58,592.0,0.6,364.12,,,,,
1772368993540,2026-03-01T12:43:13.540+00:00,1772368993529,price_change,0.58,592.0,0.6,364.12,,,,,
1772368993543,2026-03-01T12:43:13.543+00:00,1772368993532,price_change,0.58,592.0,0.6,369.12,,,,,
1772368993567,2026-03-01T12:43:13.567+00:00,1772368993555,price_change,0.58,592.0,0.6,369.12,,,,,
1772368993567,2026-03-01T12:43:13.567+00:00,1772368993556,price_change,0.58,592.0,0.59,40.0,,,,,
1772368993568,2026-03-01T12:43:13.568+00:00,1772368993557,best_bid_ask,0.58,592.0,0.59,40.0,ask_change,,,,
1772368993568,2026-03-01T12:43:13.568+00:00,1772368993557,price_change,0.58,592.0,0.59,40.0,,,,,
1772368993569,2026-03-01T12:43:13.569+00:00,1772368993558,price_change,0.58,592.0,0.59,40.0,,,,,
1772368993569,2026-03-01T12:43:13.569+00:00,1772368993559,price_change,0.58,592.0,0.59,40.0,,,,,
1772368993580,2026-03-01T12:43:13.580+00:00,1772368993567,price_change,0.58,592.0,0.59,40.0,,,,,
1772368993599,2026-03-01T12:43:13.599+00:00,1772368993582,price_change,0.58,592.0,0.59,40.0,,,,,
1772368993599,2026-03-01T12:43:13.599+00:00,1772368993583,price_change,0.58,592.0,0.59,40.0,,,,,
1772368993599,2026-03-01T12:43:13.599+00:00,1772368993584,price_change,0.58,592.0,0.59,40.0,,,,,
1772368993600,2026-03-01T12:43:13.600+00:00,1772368993585,price_change,0.58,592.0,0.59,40.0,,,,,
1772368993626,2026-03-01T12:43:13.626+00:00,1772368993615,price_change,0.58,592.0,0.59,40.0,,,,,
1772368993628,2026-03-01T12:43:13.628+00:00,1772368993616,price_change,0.58,592.0,0.59,45.0,,,,,
1772368993686,2026-03-01T12:43:13.686+00:00,1772368993651,best_bid_ask,0.58,592.0,0.59,45.0,no_change,,,,
1772368993686,2026-03-01T12:43:13.686+00:00,1772368993649,price_change,0.58,592.0,0.59,34.84,,,,,
1772368993686,2026-03-01T12:43:13.686+00:00,1772368993649,book,0.58,592.0,0.59,34.84,,,,,
1772368993686,2026-03-01T12:43:13.686+00:00,1772368993656,price_change,0.58,592.0,0.59,34.84,,,,,
1772368993715,2026-03-01T12:43:13.715+00:00,1772368993680,price_change,0.58,592.0,0.59,34.84,,,,,
1772368993715,2026-03-01T12:43:13.715+00:00,1772368993679,last_trade_price,0.58,592.0,0.59,34.84,,0.59,10.152541,BUY,0x78655723d2327fe7bea392314443c48454abeb0e1bae39663af7784785a4c348
1772368993715,2026-03-01T12:43:13.715+00:00,1772368993685,price_change,0.58,592.0,0.59,34.84,,,,,
1772368993715,2026-03-01T12:43:13.715+00:00,1772368993689,price_change,0.58,592.0,0.59,34.84,,,,,
1772368993715,2026-03-01T12:43:13.715+00:00,1772368993699,price_change,0.58,592.0,0.59,34.84,,,,,
1772368993715,2026-03-01T12:43:13.715+00:00,1772368993702,price_change,0.58,592.0,0.59,34.84,,,,,
1772368993871,2026-03-01T12:43:13.871+00:00,1772368993839,best_bid_ask,0.58,592.0,0.59,34.84,no_change,,,,
1772368993871,2026-03-01T12:43:13.871+00:00,1772368993838,price_change,0.58,592.0,0.59,23.84,,,,,
1772368993871,2026-03-01T12:43:13.871+00:00,1772368993838,book,0.58,592.0,0.59,23.84,,,,,
1772368993871,2026-03-01T12:43:13.871+00:00,1772368993845,best_bid_ask,0.58,592.0,0.59,23.84,no_change,,,,
1772368993871,2026-03-01T12:43:13.871+00:00,1772368993843,price_change,0.58,592.0,0.59,13.84,,,,,
1772368993872,2026-03-01T12:43:13.872+00:00,1772368993843,book,0.58,592.0,0.59,13.84,,,,,
1772368993872,2026-03-01T12:43:13.872+00:00,1772368993849,best_bid_ask,0.58,592.0,0.59,13.84,no_change,,,,
1772368993872,2026-03-01T12:43:13.872+00:00,1772368993847,price_change,0.58,592.0,0.59,3.84,,,,,
1772368993872,2026-03-01T12:43:13.872+00:00,1772368993847,price_change,0.58,592.0,0.59,3.84,,,,,
1772368993872,2026-03-01T12:43:13.872+00:00,1772368993847,book,0.58,592.0,0.59,3.84,,,,,
1772368993872,2026-03-01T12:43:13.872+00:00,1772368993853,best_bid_ask,0.58,592.0,0.59,3.84,no_change,,,,
1772368993872,2026-03-01T12:43:13.872+00:00,1772368993852,price_change,0.58,592.0,0.59,2.39,,,,,
1772368993872,2026-03-01T12:43:13.872+00:00,1772368993852,book,0.58,592.0,0.59,2.39,,,,,
1772368993903,2026-03-01T12:43:13.903+00:00,1772368993869,price_change,0.58,592.0,0.59,2.39,,,,,
1772368993904,2026-03-01T12:43:13.904+00:00,1772368993879,last_trade_price,0.58,592.0,0.59,2.39,,0.59,10.0,BUY,0x9935b6a6f6ebb758e05f3adba5d1a5071c4e671b317cc6013db1f786050c30aa
1772368993904,2026-03-01T12:43:13.904+00:00,1772368993891,price_change,0.58,592.0,0.59,2.39,,,,,
1772368993919,2026-03-01T12:43:13.919+00:00,1772368993895,best_bid_ask,0.58,592.0,0.6,399.84,ask_change,,,,
1772368993919,2026-03-01T12:43:13.919+00:00,1772368993894,price_change,0.58,592.0,0.6,399.84,,,,,
1772368993920,2026-03-01T12:43:13.920+00:00,1772368993894,book,0.58,592.0,0.6,399.84,,,,,
1772368993920,2026-03-01T12:43:13.920+00:00,1772368993895,price_change,0.58,592.0,0.6,399.84,,,,,
1772368993920,2026-03-01T12:43:13.920+00:00,1772368993887,last_trade_price,0.58,592.0,0.6,399.84,,0.59,11.0,BUY,0xdd40f9eda6aece0dc0c65883219b63cfbb6fe0d415fd292360d61b25748fd15d
1772368993920,2026-03-01T12:43:13.920+00:00,1772368993901,price_change,0.58,592.0,0.6,399.84,,,,,
1772368993920,2026-03-01T12:43:13.920+00:00,1772368993907,price_change,0.58,592.0,0.6,399.84,,,,,
1772368993920,2026-03-01T12:43:13.920+00:00,1772368993908,price_change,0.58,592.0,0.6,399.84,,,,,
1772368993932,2026-03-01T12:43:13.932+00:00,1772368993909,price_change,0.58,592.0,0.6,399.84,,,,,
1772368993932,2026-03-01T12:43:13.932+00:00,1772368993918,best_bid_ask,0.58,592.0,0.6,399.84,no_change,,,,
1772368993932,2026-03-01T12:43:13.932+00:00,1772368993916,price_change,0.58,592.0,0.6,396.85,,,,,
1772368993932,2026-03-01T12:43:13.932+00:00,1772368993916,book,0.58,592.0,0.6,396.85,,,,,
1772368993933,2026-03-01T12:43:13.933+00:00,1772368993920,price_change,0.58,592.0,0.6,396.85,,,,,
1772368993951,2026-03-01T12:43:13.951+00:00,1772368993923,price_change,0.58,592.0,0.6,361.13,,,,,
1772368993963,2026-03-01T12:43:13.963+00:00,1772368993937,price_change,0.58,592.0,0.6,361.13,,,,,
1772368993990,2026-03-01T12:43:13.990+00:00,1772368993957,price_change,0.58,592.0,0.6,361.13,,,,,
1772368993990,2026-03-01T12:43:13.990+00:00,1772368993957,last_trade_price,0.58,592.0,0.6,361.13,,0.6,2.983332,BUY,0xb5a91b15e5b001c4e8f8d4b56c213b96a9334f3d2f2149b6d87121a9eb08f146
1772368993990,2026-03-01T12:43:13.990+00:00,1772368993960,price_change,0.58,592.0,0.6,361.13,,,,,
1772368993990,2026-03-01T12:43:13.990+00:00,1772368993974,price_change,0.58,592.0,0.6,361.13,,,,,
1772368994021,2026-03-01T12:43:14.021+00:00,1772368993982,last_trade_price,0.58,592.0,0.6,361.13,,0.59,2.39,BUY,0x70607546cfcac3a54e9ece7e8b70b459896df234a79fb3cf100350624fa9f0e8
1772368994021,2026-03-01T12:43:14.021+00:00,1772368993997,price_change,0.58,592.0,0.6,361.13,,,,,
1772368994052,2026-03-01T12:43:14.052+00:00,1772368994026,best_bid_ask,0.58,592.0,0.6,361.13,no_change,,,,
1772368994052,2026-03-01T12:43:14.052+00:00,1772368994024,price_change,0.58,589.04,0.6,361.13,,,,,
1772368994053,2026-03-01T12:43:14.053+00:00,1772368994024,book,0.58,589.04,0.6,361.13,,,,,
1772368994053,2026-03-01T12:43:14.053+00:00,1772368994026,price_change,0.58,589.04,0.6,361.13,,,,,
1772368994053,2026-03-01T12:43:14.053+00:00,1772368994028,price_change,0.58,589.04,0.6,361.13,,,,,
1772368994053,2026-03-01T12:43:14.053+00:00,1772368994028,price_change,0.58,589.04,0.6,361.13,,,,,
1772368994053,2026-03-01T12:43:14.053+00:00,1772368994035,price_change,0.58,589.04,0.6,361.13,,,,,
1772368994119,2026-03-01T12:43:14.119+00:00,1772368994089,price_change,0.58,589.04,0.6,366.13,,,,,
1772368994340,2026-03-01T12:43:14.340+00:00,1772368994328,price_change,0.58,584.04,0.6,366.13,,,,,
1772368994344,2026-03-01T12:43:14.344+00:00,1772368994331,price_change,0.58,584.04,0.59,5.0,,,,,
1772368994344,2026-03-01T12:43:14.344+00:00,1772368994332,best_bid_ask,0.58,584.04,0.59,5.0,ask_change,,,,
1772368994344,2026-03-01T12:43:14.344+00:00,1772368994333,price_change,0.58,584.04,0.59,5.0,,,,,
1772368994351,2026-03-01T12:43:14.351+00:00,1772368994340,price_change,0.58,584.04,0.59,5.0,,,,,
1772368994367,2026-03-01T12:43:14.367+00:00,1772368994356,price_change,0.58,584.04,0.59,5.0,,,,,
1772368994368,2026-03-01T12:43:14.368+00:00,1772368994357,price_change,0.58,584.04,0.59,5.0,,,,,
1772368994369,2026-03-01T12:43:14.369+00:00,1772368994358,price_change,0.58,584.04,0.59,5.0,,,,,
1772368994371,2026-03-01T12:43:14.371+00:00,1772368994360,price_change,0.58,584.04,0.59,5.0,,,,,
1772368994374,2026-03-01T12:43:14.374+00:00,1772368994363,price_change,0.58,584.04,0.59,5.0,,,,,
1772368994375,2026-03-01T12:43:14.375+00:00,1772368994364,price_change,0.58,584.04,0.59,5.0,,,,,
1772368994377,2026-03-01T12:43:14.377+00:00,1772368994366,price_change,0.58,584.04,0.59,5.0,,,,,
1772368994385,2026-03-01T12:43:14.385+00:00,1772368994375,price_change,0.58,584.04,0.59,10.0,,,,,
1772368994404,2026-03-01T12:43:14.404+00:00,1772368994392,price_change,0.58,584.04,0.59,10.0,,,,,
1772368994501,2026-03-01T12:43:14.501+00:00,1772368994490,price_change,0.58,584.04,0.59,10.0,,,,,
1772368994505,2026-03-01T12:43:14.505+00:00,1772368994495,price_change,0.58,584.04,0.59,10.0,,,,,
1772368994561,2026-03-01T12:43:14.561+00:00,1772368994550,price_change,0.58,584.04,0.59,10.0,,,,,
1772368994568,2026-03-01T12:43:14.568+00:00,1772368994556,price_change,0.58,619.78,0.59,10.0,,,,,
1772368994634,2026-03-01T12:43:14.634+00:00,1772368994624,best_bid_ask,0.58,619.78,0.59,10.0,no_change,,,,
1772368994635,2026-03-01T12:43:14.635+00:00,1772368994623,price_change,0.58,619.78,0.59,6.0,,,,,
1772368994635,2026-03-01T12:43:14.635+00:00,1772368994623,book,0.58,619.78,0.59,6.0,,,,,
1772368994663,2026-03-01T12:43:14.663+00:00,1772368994653,price_change,0.58,619.78,0.59,6.0,,,,,
1772368994663,2026-03-01T12:43:14.663+00:00,1772368994652,last_trade_price,0.58,619.78,0.59,6.0,,0.59,4.0,BUY,0x4a91db6e82c5faaee56994efe4cdf4fa1bb78fa0a649dacf241b532dd1771124
1772368994678,2026-03-01T12:43:14.678+00:00,1772368994667,price_change,0.58,619.78,0.59,6.0,,,,,
1772368994680,2026-03-01T12:43:14.680+00:00,1772368994670,price_change,0.58,584.04,0.59,6.0,,,,,
1772368994689,2026-03-01T12:43:14.689+00:00,1772368994679,price_change,0.58,584.04,0.59,6.0,,,,,
1772368994812,2026-03-01T12:43:14.812+00:00,1772368994801,best_bid_ask,0.58,584.04,0.6,396.85,ask_change,,,,
1772368994812,2026-03-01T12:43:14.812+00:00,1772368994800,price_change,0.58,584.04,0.6,387.68,,,,,
1772368994812,2026-03-01T12:43:14.812+00:00,1772368994800,price_change,0.58,584.04,0.6,387.68,,,,,
1772368994814,2026-03-01T12:43:14.814+00:00,1772368994800,book,0.58,584.04,0.6,387.68,,,,,
1772368994839,2026-03-01T12:43:14.839+00:00,1772368994826,price_change,0.58,584.04,0.6,387.68,,,,,
1772368994839,2026-03-01T12:43:14.839+00:00,1772368994827,price_change,0.58,619.78,0.6,387.68,,,,,
1772368994839,2026-03-01T12:43:14.839+00:00,1772368994827,price_change,0.58,619.78,0.6,351.96,,,,,
1772368994839,2026-03-01T12:43:14.839+00:00,1772368994828,price_change,0.58,619.78,0.6,351.96,,,,,
1772368994839,2026-03-01T12:43:14.839+00:00,1772368994829,price_change,0.58,619.78,0.6,351.96,,,,,
1772368994839,2026-03-01T12:43:14.839+00:00,1772368994829,price_change,0.58,619.78,0.6,351.96,,,,,
1772368994845,2026-03-01T12:43:14.845+00:00,1772368994830,price_change,0.58,619.78,0.6,351.96,,,,,
1772368994845,2026-03-01T12:43:14.845+00:00,1772368994833,price_change,0.58,619.78,0.6,351.96,,,,,
1772368994848,2026-03-01T12:43:14.848+00:00,1772368994836,last_trade_price,0.58,619.78,0.6,351.96,,0.6,15.166665,BUY,0x063ef37c5c00b14f190db888d03051cefb05e5b1b6f2a0db285909cf0105f85b
1772368994854,2026-03-01T12:43:14.854+00:00,1772368994844,price_change,0.58,619.78,0.6,356.96,,,,,
1772368994878,2026-03-01T12:43:14.878+00:00,1772368994866,price_change,0.58,619.78,0.6,356.96,,,,,
1772368994962,2026-03-01T12:43:14.962+00:00,1772368994951,price_change,0.58,584.04,0.6,356.96,,,,,
1772368994963,2026-03-01T12:43:14.963+00:00,1772368994952,price_change,0.58,584.04,0.6,356.96,,,,,
1772368994964,2026-03-01T12:43:14.964+00:00,1772368994953,price_change,0.58,584.04,0.59,49.58,,,,,
1772368994964,2026-03-01T12:43:14.964+00:00,1772368994953,best_bid_ask,0.58,584.04,0.59,49.58,ask_change,,,,
1772368994966,2026-03-01T12:43:14.966+00:00,1772368994955,price_change,0.58,584.04,0.59,49.58,,,,,
1772368994992,2026-03-01T12:43:14.992+00:00,1772368994981,price_change,0.58,584.04,0.59,49.58,,,,,
1772368994992,2026-03-01T12:43:14.992+00:00,1772368994981,price_change,0.58,584.04,0.59,49.58,,,,,
1772368994992,2026-03-01T12:43:14.992+00:00,1772368994982,price_change,0.58,584.04,0.59,49.58,,,,,
1772368994997,2026-03-01T12:43:14.997+00:00,1772368994986,price_change,0.58,584.04,0.59,49.58,,,,,
1772368995009,2026-03-01T12:43:15.009+00:00,1772368994999,price_change,0.58,584.04,0.59,54.58,,,,,
1772368995018,2026-03-01T12:43:15.018+00:00,1772368995000,price_change,0.58,584.04,0.59,54.58,,,,,
1772368995018,2026-03-01T12:43:15.018+00:00,1772368995002,price_change,0.58,584.04,0.59,54.58,,,,,
1772368995030,2026-03-01T12:43:15.030+00:00,1772368995018,price_change,0.58,584.04,0.59,54.58,,,,,
1772368995039,2026-03-01T12:43:15.039+00:00,1772368995029,price_change,0.58,584.04,0.59,59.58,,,,,
1772368995050,2026-03-01T12:43:15.050+00:00,1772368995040,price_change,0.58,599.62,0.59,59.58,,,,,
1772368995089,2026-03-01T12:43:15.089+00:00,1772368995078,price_change,0.58,615.22,0.59,59.58,,,,,
1772368995128,2026-03-01T12:43:15.128+00:00,1772368995117,price_change,0.58,615.22,0.59,59.58,,,,,
1772368995130,2026-03-01T12:43:15.130+00:00,1772368995119,price_change,0.58,615.22,0.59,59.58,,,,,
1772368995130,2026-03-01T12:43:15.130+00:00,1772368995119,price_change,0.58,615.22,0.59,59.58,,,,,
1772368995136,2026-03-01T12:43:15.136+00:00,1772368995125,price_change,0.58,615.22,0.59,59.58,,,,,
1772368995170,2026-03-01T12:43:15.170+00:00,1772368995159,price_change,0.58,615.22,0.59,59.58,,,,,
1772368995175,2026-03-01T12:43:15.175+00:00,1772368995164,price_change,0.58,599.64,0.59,59.58,,,,,
1772368995200,2026-03-01T12:43:15.200+00:00,1772368995190,price_change,0.58,584.04,0.59,59.58,,,,,
1772368995214,2026-03-01T12:43:15.214+00:00,1772368995197,price_change,0.58,584.04,0.59,59.58,,,,,
1772368995261,2026-03-01T12:43:15.261+00:00,1772368995250,price_change,0.58,584.04,0.59,10.0,,,,,
1772368995261,2026-03-01T12:43:15.261+00:00,1772368995250,price_change,0.58,584.04,0.59,10.0,,,,,
1772368995262,2026-03-01T12:43:15.262+00:00,1772368995252,price_change,0.58,584.04,0.59,10.0,,,,,
1772368995262,2026-03-01T12:43:15.262+00:00,1772368995252,price_change,0.58,584.04,0.59,10.0,,,,,
1772368995407,2026-03-01T12:43:15.407+00:00,1772368995396,price_change,0.58,584.04,0.59,10.0,,,,,
1772368995407,2026-03-01T12:43:15.407+00:00,1772368995396,price_change,0.58,584.04,0.59,10.0,,,,,
1772368995409,2026-03-01T12:43:15.409+00:00,1772368995398,price_change,0.58,584.04,0.59,10.0,,,,,
1772368995413,2026-03-01T12:43:15.413+00:00,1772368995402,price_change,0.58,584.04,0.59,10.0,,,,,
1772368995421,2026-03-01T12:43:15.421+00:00,1772368995410,price_change,0.58,584.04,0.59,10.0,,,,,
1772368995422,2026-03-01T12:43:15.422+00:00,1772368995412,price_change,0.58,584.04,0.59,10.0,,,,,
1772368995579,2026-03-01T12:43:15.579+00:00,1772368995569,price_change,0.58,584.04,0.59,10.0,,,,,
1772368995592,2026-03-01T12:43:15.592+00:00,1772368995580,price_change,0.58,584.04,0.59,10.0,,,,,
1772368995702,2026-03-01T12:43:15.702+00:00,1772368995693,best_bid_ask,0.58,584.04,0.59,10.0,no_change,,,,
1772368995703,2026-03-01T12:43:15.703+00:00,1772368995691,price_change,0.58,276.7,0.59,10.0,,,,,
1772368995703,2026-03-01T12:43:15.703+00:00,1772368995691,price_change,0.58,276.7,0.59,10.0,,,,,
1772368995704,2026-03-01T12:43:15.704+00:00,1772368995691,book,0.58,276.7,0.59,10.0,,,,,
1772368995705,2026-03-01T12:43:15.705+00:00,1772368995693,price_change,0.58,276.7,0.59,10.0,,,,,
1772368995709,2026-03-01T12:43:15.709+00:00,1772368995699,price_change,0.58,276.7,0.59,10.0,,,,,
1772368995752,2026-03-01T12:43:15.752+00:00,1772368995732,last_trade_price,0.58,276.7,0.59,10.0,,0.58,307.34,SELL,0x7ee83f1036f91278c546f094dc63b48556f07d299866da60bf311ac18f97e3b5
1772368995770,2026-03-01T12:43:15.770+00:00,1772368995759,price_change,0.58,276.7,0.59,10.0,,,,,
1772368995770,2026-03-01T12:43:15.770+00:00,1772368995760,price_change,0.58,321.7,0.59,10.0,,,,,
1772368995773,2026-03-01T12:43:15.773+00:00,1772368995762,price_change,0.58,321.7,0.59,10.0,,,,,
1772368995778,2026-03-01T12:43:15.778+00:00,1772368995768,price_change,0.58,321.7,0.59,50.0,,,,,
1772368995784,2026-03-01T12:43:15.784+00:00,1772368995774,price_change,0.58,341.7,0.59,50.0,,,,,
1772368995840,2026-03-01T12:43:15.840+00:00,1772368995825,price_change,0.58,341.7,0.59,50.0,,,,,
1772368995877,2026-03-01T12:43:15.877+00:00,1772368995866,price_change,0.58,341.7,0.59,50.0,,,,,
1772368995882,2026-03-01T12:43:15.882+00:00,1772368995872,price_change,0.58,341.7,0.59,50.0,,,,,
1772368995906,2026-03-01T12:43:15.906+00:00,1772368995896,price_change,0.58,341.7,0.59,50.0,,,,,
1772368995908,2026-03-01T12:43:15.908+00:00,1772368995898,price_change,0.58,341.7,0.59,50.0,,,,,
1772368995911,2026-03-01T12:43:15.911+00:00,1772368995900,price_change,0.58,341.7,0.59,50.0,,,,,
1772368995912,2026-03-01T12:43:15.912+00:00,1772368995902,price_change,0.58,341.7,0.59,50.0,,,,,
1772368995954,2026-03-01T12:43:15.954+00:00,1772368995943,price_change,0.58,341.7,0.59,50.0,,,,,
1772368995955,2026-03-01T12:43:15.955+00:00,1772368995943,price_change,0.58,341.7,0.59,50.0,,,,,
1772368995955,2026-03-01T12:43:15.955+00:00,1772368995943,price_change,0.58,341.7,0.59,45.0,,,,,
1772368996017,2026-03-01T12:43:16.017+00:00,1772368996005,price_change,0.58,341.7,0.59,45.0,,,,,
1772368996098,2026-03-01T12:43:16.098+00:00,1772368996085,price_change,0.58,346.9,0.59,45.0,,,,,
1772368996113,2026-03-01T12:43:16.113+00:00,1772368996102,price_change,0.58,346.9,0.59,45.0,,,,,
1772368996170,2026-03-01T12:43:16.170+00:00,1772368996159,price_change,0.58,346.9,0.59,45.0,,,,,
1772368996190,2026-03-01T12:43:16.190+00:00,1772368996179,price_change,0.58,346.9,0.59,45.0,,,,,
1772368996195,2026-03-01T12:43:16.195+00:00,1772368996184,price_change,0.58,346.9,0.59,45.0,,,,,
1772368996215,2026-03-01T12:43:16.215+00:00,1772368996204,price_change,0.58,346.9,0.59,45.0,,,,,
1772368996222,2026-03-01T12:43:16.222+00:00,1772368996211,price_change,0.58,346.9,0.59,45.0,,,,,
1772368996223,2026-03-01T12:43:16.223+00:00,1772368996212,price_change,0.58,410.17,0.59,45.0,,,,,
1772368996255,2026-03-01T12:43:16.255+00:00,1772368996243,price_change,0.58,404.97,0.59,45.0,,,,,
1772368996314,2026-03-01T12:43:16.314+00:00,1772368996303,price_change,0.58,404.97,0.59,45.0,,,,,
1772368996314,2026-03-01T12:43:16.314+00:00,1772368996304,price_change,0.58,404.97,0.59,45.0,,,,,
1772368996366,2026-03-01T12:43:16.366+00:00,1772368996356,best_bid_ask,0.58,404.97,0.59,45.0,no_change,,,,
1772368996368,2026-03-01T12:43:16.368+00:00,1772368996355,price_change,0.58,387.97,0.59,45.0,,,,,
1772368996368,2026-03-01T12:43:16.368+00:00,1772368996355,book,0.58,387.97,0.59,45.0,,,,,
1772368996423,2026-03-01T12:43:16.423+00:00,1772368996402,price_change,0.58,387.97,0.59,45.0,,,,,
1772368996423,2026-03-01T12:43:16.423+00:00,1772368996403,price_change,0.58,387.97,0.59,45.0,,,,,
1772368996423,2026-03-01T12:43:16.423+00:00,1772368996404,price_change,0.58,387.97,0.59,45.0,,,,,
1772368996437,2026-03-01T12:43:16.437+00:00,1772368996421,best_bid_ask,0.58,387.97,0.59,45.0,no_change,,,,
1772368996437,2026-03-01T12:43:16.437+00:00,1772368996420,price_change,0.58,387.97,0.59,42.62,,,,,
1772368996438,2026-03-01T12:43:16.438+00:00,1772368996420,book,0.58,387.97,0.59,42.62,,,,,
1772368996444,2026-03-01T12:43:16.444+00:00,1772368996429,price_change,0.58,324.7,0.59,42.62,,,,,
1772368996444,2026-03-01T12:43:16.444+00:00,1772368996432,price_change,0.58,391.76,0.59,42.62,,,,,
1772368996463,2026-03-01T12:43:16.463+00:00,1772368996451,last_trade_price,0.58,391.76,0.59,42.62,,0.59,2.37288,BUY,0xeafd2902559ec957fdcb677e46bfd1c2d90665d4a9a1128caf8f8df6b33c1b48
1772368996563,2026-03-01T12:43:16.563+00:00,1772368996550,price_change,0.58,324.7,0.59,42.62,,,,,
1772368996564,2026-03-01T12:43:16.564+00:00,1772368996551,price_change,0.58,367.66,0.59,42.62,,,,,
1772368996637,2026-03-01T12:43:16.637+00:00,1772368996618,price_change,0.58,367.66,0.59,42.62,,,,,
1772368996713,2026-03-01T12:43:16.713+00:00,1772368996702,price_change,0.58,367.66,0.59,62.62,,,,,
1772368996746,2026-03-01T12:43:16.746+00:00,1772368996735,price_change,0.58,367.66,0.59,67.62,,,,,
1772368996804,2026-03-01T12:43:16.804+00:00,1772368996794,best_bid_ask,0.58,367.66,0.59,67.62,no_change,,,,
1772368996804,2026-03-01T12:43:16.804+00:00,1772368996792,price_change,0.58,367.66,0.59,67.38,,,,,
1772368996805,2026-03-01T12:43:16.805+00:00,1772368996792,book,0.58,367.66,0.59,67.38,,,,,
1772368996807,2026-03-01T12:43:16.807+00:00,1772368996794,price_change,0.58,367.66,0.59,67.38,,,,,
1772368996836,2026-03-01T12:43:16.836+00:00,1772368996823,price_change,0.58,367.66,0.59,67.38,,,,,
1772368996837,2026-03-01T12:43:16.837+00:00,1772368996827,price_change,0.58,367.66,0.59,67.38,,,,,
1772368996853,2026-03-01T12:43:16.853+00:00,1772368996842,price_change,0.58,372.86,0.59,67.38,,,,,
1772368996875,2026-03-01T12:43:16.875+00:00,1772368996864,price_change,0.58,372.86,0.59,67.38,,,,,
1772368996875,2026-03-01T12:43:16.875+00:00,1772368996865,price_change,0.58,372.86,0.59,67.38,,,,,
1772368996890,2026-03-01T12:43:16.890+00:00,1772368996876,price_change,0.58,367.66,0.59,67.38,,,,,
1772368996900,2026-03-01T12:43:16.900+00:00,1772368996885,price_change,0.58,367.66,0.59,67.38,,,,,
1772368996909,2026-03-01T12:43:16.909+00:00,1772368996898,price_change,0.58,367.66,0.59,67.38,,,,,
1772368996909,2026-03-01T12:43:16.909+00:00,1772368996899,price_change,0.58,324.7,0.59,67.38,,,,,
1772368996909,2026-03-01T12:43:16.909+00:00,1772368996899,price_change,0.58,324.7,0.59,67.38,,,,,
1772368996910,2026-03-01T12:43:16.910+00:00,1772368996900,price_change,0.58,360.42,0.59,67.38,,,,,
1772368996936,2026-03-01T12:43:16.936+00:00,1772368996926,price_change,0.58,360.42,0.59,67.38,,,,,
1772368996940,2026-03-01T12:43:16.940+00:00,1772368996929,price_change,0.58,360.42,0.59,107.38,,,,,
1772368996943,2026-03-01T12:43:16.943+00:00,1772368996932,price_change,0.58,360.42,0.59,107.38,,,,,
1772368996945,2026-03-01T12:43:16.945+00:00,1772368996934,price_change,0.58,360.42,0.59,107.38,,,,,
1772368997044,2026-03-01T12:43:17.044+00:00,1772368997033,price_change,0.58,360.42,0.59,107.38,,,,,
1772368997054,2026-03-01T12:43:17.054+00:00,1772368997044,price_change,0.58,360.42,0.59,107.38,,,,,
1772368997071,2026-03-01T12:43:17.071+00:00,1772368997056,price_change,0.58,360.42,0.59,107.38,,,,,
1772368997111,2026-03-01T12:43:17.111+00:00,1772368997100,price_change,0.58,360.42,0.59,107.38,,,,,
1772368997147,2026-03-01T12:43:17.147+00:00,1772368997136,price_change,0.58,360.42,0.59,107.38,,,,,
1772368997152,2026-03-01T12:43:17.152+00:00,1772368997137,price_change,0.58,360.42,0.59,107.38,,,,,
1772368997161,2026-03-01T12:43:17.161+00:00,1772368997145,price_change,0.58,481.42,0.59,107.38,,,,,
1772368997161,2026-03-01T12:43:17.161+00:00,1772368997147,price_change,0.58,481.42,0.59,107.38,,,,,
1772368997187,2026-03-01T12:43:17.187+00:00,1772368997177,price_change,0.58,481.42,0.59,107.38,,,,,
1772368997195,2026-03-01T12:43:17.195+00:00,1772368997185,best_bid_ask,0.58,481.42,0.59,107.38,no_change,,,,
1772368997196,2026-03-01T12:43:17.196+00:00,1772368997184,price_change,0.58,464.42,0.59,107.38,,,,,
1772368997197,2026-03-01T12:43:17.197+00:00,1772368997184,book,0.58,464.42,0.59,107.38,,,,,
1772368997210,2026-03-01T12:43:17.210+00:00,1772368997200,price_change,0.58,428.7,0.59,107.38,,,,,
1772368997214,2026-03-01T12:43:17.214+00:00,1772368997203,price_change,0.58,465.78,0.59,107.38,,,,,
1772368997342,2026-03-01T12:43:17.342+00:00,1772368997328,price_change,0.58,465.78,0.59,107.38,,,,,
1772368997413,2026-03-01T12:43:17.413+00:00,1772368997401,price_change,0.58,428.7,0.59,107.38,,,,,
1772368997415,2026-03-01T12:43:17.415+00:00,1772368997402,price_change,0.58,428.7,0.59,107.38,,,,,
1772368997441,2026-03-01T12:43:17.441+00:00,1772368997428,price_change,0.58,428.7,0.59,107.38,,,,,
1772368997663,2026-03-01T12:43:17.663+00:00,1772368997651,price_change,0.58,428.7,0.59,107.38,,,,,
1772368997663,2026-03-01T12:43:17.663+00:00,1772368997652,price_change,0.58,428.7,0.59,107.38,,,,,
1772368997700,2026-03-01T12:43:17.700+00:00,1772368997690,price_change,0.58,428.7,0.59,145.52,,,,,
1772368997779,2026-03-01T12:43:17.779+00:00,1772368997768,price_change,0.58,428.7,0.59,145.52,,,,,
1772368997829,2026-03-01T12:43:17.829+00:00,1772368997817,price_change,0.58,428.7,0.59,145.52,,,,,
1772368997901,2026-03-01T12:43:17.901+00:00,1772368997889,price_change,0.58,428.7,0.59,145.52,,,,,
1772368997902,2026-03-01T12:43:17.902+00:00,1772368997892,price_change,0.58,428.7,0.59,107.38,,,,,
1772368997903,2026-03-01T12:43:17.903+00:00,1772368997893,price_change,0.58,428.7,0.59,107.38,,,,,
1772368997917,2026-03-01T12:43:17.917+00:00,1772368997907,price_change,0.58,428.7,0.59,107.38,,,,,
1772368998010,2026-03-01T12:43:18.010+00:00,1772368997999,price_change,0.58,428.7,0.59,107.38,,,,,
1772368998018,2026-03-01T12:43:18.018+00:00,1772368998008,price_change,0.58,428.7,0.59,107.38,,,,,
1772368998019,2026-03-01T12:43:18.019+00:00,1772368998009,price_change,0.58,428.7,0.59,107.38,,,,,
1772368998022,2026-03-01T12:43:18.022+00:00,1772368998012,price_change,0.58,428.7,0.59,107.38,,,,,
1772368998042,2026-03-01T12:43:18.042+00:00,1772368998031,price_change,0.58,428.7,0.59,107.38,,,,,
1772368998046,2026-03-01T12:43:18.046+00:00,1772368998036,price_change,0.58,428.7,0.59,107.38,,,,,
1772368998083,2026-03-01T12:43:18.083+00:00,1772368998069,price_change,0.58,428.7,0.59,107.38,,,,,
1772368998083,2026-03-01T12:43:18.083+00:00,1772368998070,price_change,0.58,428.7,0.59,107.38,,,,,
1772368998221,2026-03-01T12:43:18.221+00:00,1772368998201,price_change,0.58,428.7,0.59,107.38,,,,,
1772368998221,2026-03-01T12:43:18.221+00:00,1772368998203,price_change,0.58,428.7,0.59,107.38,,,,,
1772368998247,2026-03-01T12:43:18.247+00:00,1772368998229,price_change,0.58,428.7,0.59,107.38,,,,,
1772368998247,2026-03-01T12:43:18.247+00:00,1772368998232,price_change,0.58,464.44,0.59,107.38,,,,,
1772368998385,2026-03-01T12:43:18.385+00:00,1772368998371,price_change,0.58,428.7,0.59,107.38,,,,,
1772368998385,2026-03-01T12:43:18.385+00:00,1772368998373,price_change,0.58,428.7,0.59,107.38,,,,,
1772368998386,2026-03-01T12:43:18.386+00:00,1772368998376,price_change,0.58,428.7,0.59,107.38,,,,,
1772368998405,2026-03-01T12:43:18.405+00:00,1772368998378,price_change,0.58,428.7,0.59,107.38,,,,,
1772368998486,2026-03-01T12:43:18.486+00:00,1772368998471,price_change,0.58,428.7,0.59,107.38,,,,,
1772368998500,2026-03-01T12:43:18.500+00:00,1772368998490,price_change,0.58,428.7,0.59,107.38,,,,,
1772368998502,2026-03-01T12:43:18.502+00:00,1772368998492,price_change,0.58,428.7,0.59,107.38,,,,,
1772368998503,2026-03-01T12:43:18.503+00:00,1772368998493,price_change,0.58,428.7,0.59,107.38,,,,,
1772368998506,2026-03-01T12:43:18.506+00:00,1772368998496,price_change,0.58,464.42,0.59,107.38,,,,,
